Tên sản phẩm,Giá,Trạng thái,Ngày,Phân khúc
Đồng hồ thông minh Xiaomi Redmi Watch 4,2390000.0,Còn hàng,2024-10-03 02:51:17,Tầm trung
Đồng hồ thông minh Huawei Watch GT4 dây da,4990000.0,Còn hàng,2024-10-03 02:51:17,Tầm trung
Đồng hồ thông minh Coros Pace 3 dây cao su,6180000.0,Còn hàng,2024-10-03 02:51:17,Cận cao cấp
Đồng hồ thông minh Kieslect Lora,590000.0,Còn hàng,2024-10-03 02:51:17,Giá rẻ
Đồng hồ Samsung Galaxy Fit 3,1390000.0,Còn hàng,2024-10-03 02:51:17,Giá rẻ
Đồng hồ thông minh Kieslect Actor,1690000.0,Còn hàng,2024-10-03 02:51:17,Giá rẻ
Đồng hồ thông minh Mibro GS Pro,1690000.0,Còn hàng,2024-10-03 02:51:17,Giá rẻ
Vòng đeo tay thông minh Xiaomi Mi Band 8,790000.0,Còn hàng,2024-10-03 02:51:17,Giá rẻ
Đồng hồ thông minh Huawei Watch Fit 3 dây da - Chỉ có tại CellphoneS,3290000.0,Còn hàng,2024-10-03 02:51:17,Tầm trung
Đồng hồ thông minh Black Shark GS3,1690000.0,Còn hàng,2024-10-03 02:51:17,Giá rẻ
Đồng hồ thông minh Black Shark GT3,890000.0,Còn hàng,2024-10-03 02:51:17,Giá rẻ
Đồng hồ thông minh Mibro Lite 3 Pro,1690000.0,Còn hàng,2024-10-03 02:51:17,Giá rẻ
Đồng hồ thông minh Samsung Galaxy Watch Ultra,16990000.0,Còn hàng,2024-10-03 02:51:17,Flagship
Đồng hồ thông minh Huawei Watch Fit 3,2790000.0,Còn hàng,2024-10-03 02:51:17,Tầm trung
Vòng đeo tay thông minh Xiaomi Mi Band 9,990000.0,Còn hàng,2024-10-03 02:51:17,Giá rẻ
Đồng hồ thông minh trẻ em Myalo K74,2090000.0,Còn hàng,2024-10-03 02:51:17,Tầm trung
Đồng hồ thông minh Huawei Watch GT 5,,Hết hàng,2024-10-03 02:51:17,nan
Đồng hồ thông minh Xiaomi Redmi Watch 5 Lite,1290000.0,Còn hàng,2024-10-03 02:51:17,Giá rẻ
Đồng hồ thông minh Xiaomi Redmi Watch 5 Active,790000.0,Còn hàng,2024-10-03 02:51:17,Giá rẻ
Apple Watch SE 2 2023 40mm (GPS) viền nhôm | Chính hãng Apple Việt Nam,5890000.0,Còn hàng,2024-10-03 02:51:17,Cận cao cấp
Apple Watch Series 9 41mm (GPS) viền nhôm dây cao su | Chính hãng Apple Việt Nam,9390000.0,Còn hàng,2024-10-03 02:51:17,Cận cao cấp
Đồng hồ thông minh Huawei Watch GT4 dây silicone,4490000.0,Còn hàng,2024-10-03 02:51:17,Tầm trung
Apple Watch Series 9 45mm (GPS) viền nhôm dây cao su | Chính hãng Apple Việt Nam,10790000.0,Còn hàng,2024-10-03 02:51:17,Flagship
Đồng hồ thông minh Xiaomi Redmi Watch 3 Active,990000.0,Còn hàng,2024-10-03 02:51:17,Giá rẻ
Samsung Galaxy Watch6 40mm Bluetooth,4490000.0,Còn hàng,2024-10-03 02:51:17,Tầm trung
Đồng hồ Samsung Galaxy Watch FE 40mm,2990000.0,Còn hàng,2024-10-03 02:51:17,Tầm trung
Samsung Galaxy Watch 7 BT 44mm,8490000.0,Còn hàng,2024-10-03 02:51:17,Cận cao cấp
Apple Watch Ultra 2 49mm (4G) dây cao su | Chính hãng Apple Việt Nam,21190000.0,Còn hàng,2024-10-03 02:51:17,Flagship
Đồng hồ thông minh trẻ em Viettel MyKID 4G Lite,1290000.0,Còn hàng,2024-10-03 02:51:17,Giá rẻ
Đồng hồ thông minh Huawei Watch GT4 46mm dây Composite,4990000.0,Còn hàng,2024-10-03 02:51:17,Tầm trung
Samsung Galaxy Watch 7,7990000.0,Còn hàng,2024-10-03 02:51:17,Cận cao cấp
Đồng hồ thông minh Xiaomi Watch S1 Active,2290000.0,Còn hàng,2024-10-03 02:51:17,Tầm trung
Đồng hồ thông minh Garmin Forerunner 55,3990000.0,Còn hàng,2024-10-03 02:51:17,Tầm trung
Vòng đeo tay thông minh Xiaomi Mi Band 8 Active,550000.0,Còn hàng,2024-10-03 02:51:17,Giá rẻ
Đồng hồ thông minh Black Shark GT3 Neo,690000.0,Còn hàng,2024-10-03 02:51:17,Giá rẻ
Đồng hồ thông minh Huawei Watch GT4 dây thép,7490000.0,Còn hàng,2024-10-03 02:51:17,Cận cao cấp
Đồng hồ thông minh Garmin Fenix 8,29990000.0,Còn hàng,2024-10-03 02:51:17,Flagship
Đồng hồ định vị trẻ em Huawei Watch Kids 4 Pro,2790000.0,Còn hàng,2024-10-03 02:51:17,Tầm trung
Vòng đeo tay thông minh Huawei Band 9,890000.0,Còn hàng,2024-10-03 02:51:17,Giá rẻ
Đồng hồ thông minh Huawei Watch GT3 Pro dây silicone,6490000.0,Còn hàng,2024-10-03 02:51:17,Cận cao cấp
Đồng hồ thông minh Garmin Forerunner 265S,11090000.0,Còn hàng,2024-10-03 02:51:17,Flagship
Đồng hồ thông minh Amazfit T-Rex 3,5990000.0,Còn hàng,2024-10-03 02:51:17,Cận cao cấp
Vòng đeo tay thông minh Xiaomi Mi Band 8 Pro,1490000.0,Còn hàng,2024-10-03 02:51:17,Giá rẻ
Đồng hồ thông minh Huawei Watch Ultimate,17990000.0,Còn hàng,2024-10-03 02:51:17,Flagship
Đồng hồ thông minh Kospet Tank M3 Ultra,1990000.0,Còn hàng,2024-10-03 02:51:17,Giá rẻ
Đồng hồ thông minh Xiaomi Watch 2 Pro,4990000.0,Còn hàng,2024-10-03 02:51:17,Tầm trung
Đồng hồ thông minh Soundpeats Watch 4,590000.0,Còn hàng,2024-10-03 02:51:17,Giá rẻ
Đồng hồ thông minh Garmin Forerunner 255,6790000.0,Còn hàng,2024-10-03 02:51:17,Cận cao cấp
Apple Watch SE 2023 2 44mm (GPS) viền nhôm | Chính hãng Apple Việt Nam,6990000.0,Còn hàng,2024-10-03 02:51:17,Cận cao cấp
Apple Watch Series 10 42mm (GPS) Viền Nhôm Dây Cao Su Size S/M,10990000.0,Còn hàng,2024-10-03 02:51:17,Flagship
Apple Watch Series 9 41mm (GPS) viền nhôm dây cao su Size M/L | Chính hãng Apple Việt Nam,9390000.0,Còn hàng,2024-10-03 02:51:17,Cận cao cấp
Samsung Galaxy Watch 7 LTE 44mm,9490000.0,Còn hàng,2024-10-03 02:51:17,Cận cao cấp
Đồng hồ thông minh Garmin Forerunner 965,15660000.0,Còn hàng,2024-10-03 02:51:17,Flagship
Apple Watch SE 2 2024 40mm (GPS) Viền Nhôm Dây Cao Su,5990000.0,Còn hàng,2024-10-03 02:51:17,Cận cao cấp
Đồng hồ thông minh Huawei Watch Fit SE,1190000.0,Còn hàng,2024-10-03 02:51:17,Giá rẻ
Đồng hồ thông minh Huawei Watch GT3 Pro dây da,6990000.0,Còn hàng,2024-10-03 02:51:17,Cận cao cấp
Đồng hồ thông minh Amazfit Balance,5790000.0,Còn hàng,2024-10-03 02:51:17,Cận cao cấp
Samsung Galaxy Watch6 Classic 43mm Bluetooth,6490000.0,Còn hàng,2024-10-03 02:51:17,Cận cao cấp
Đồng hồ thông minh Kieslect KS 3,1790000.0,Còn hàng,2024-10-03 02:51:17,Giá rẻ
Đồng hồ thông minh Garmin Forerunner 165,6690000.0,Còn hàng,2024-10-03 02:51:17,Cận cao cấp
Apple Watch SE 2 2023 40mm (GPS) viền nhôm - dây vải | Chính hãng Apple Việt Nam,5890000.0,Còn hàng,2024-10-03 02:51:17,Cận cao cấp
Đồng hồ thông minh Xiaomi Watch 2,4290000.0,Còn hàng,2024-10-03 02:51:17,Tầm trung
Apple Watch Series 9 41mm (4G) viền nhôm dây cao su | Chính hãng Apple Việt Nam,12390000.0,Còn hàng,2024-10-03 02:51:17,Flagship
Đồng hồ thông minh Kieslect KS Pro,890000.0,Còn hàng,2024-10-03 02:51:17,Giá rẻ
Samsung Galaxy Watch 7 LTE 40mm,8990000.0,Còn hàng,2024-10-03 02:51:17,Cận cao cấp
Đồng hồ thông minh Amazfit GTR mini,2090000.0,Còn hàng,2024-10-03 02:51:17,Tầm trung
Apple Watch Ultra 2 2024 49mm Viền Titan Đen Dây Cao Su,22990000.0,Còn hàng,2024-10-03 02:51:17,Flagship
Samsung Galaxy Watch4 40mm,3200000.0,Còn hàng,2024-10-03 02:51:17,Tầm trung
Samsung Galaxy Watch5 Pro,5990000.0,Còn hàng,2024-10-03 02:51:17,Cận cao cấp
Đồng hồ thông minh Huawei Watch Ultimate đen dây cao su,14490000.0,Còn hàng,2024-10-03 02:51:17,Flagship
Đồng hồ thông minh Garmin Forerunner 265,11090000.0,Còn hàng,2024-10-03 02:51:17,Flagship
Đồng hồ thông minh Kieslect KS,690000.0,Còn hàng,2024-10-03 02:51:17,Giá rẻ
Apple Watch SE 2 2024 40mm (GPS) Viền Nhôm Dây Cao Su Size M/L,5990000.0,Còn hàng,2024-10-03 02:51:17,Cận cao cấp
Đồng hồ thông minh OPPO Watch X,6490000.0,Còn hàng,2024-10-03 02:51:17,Cận cao cấp
Vòng đeo tay thông minh Huawei Band 8,790000.0,Còn hàng,2024-10-03 02:51:17,Giá rẻ
Đồng hồ thông minh Garmin Fenix 8 51mm,31990000.0,Còn hàng,2024-10-03 02:51:17,Flagship
Đồng hồ thông minh Amazfit Cheetah Round,4090000.0,Còn hàng,2024-10-03 02:51:17,Tầm trung
Samsung Galaxy Watch6 Classic 47mm Bluetooth,8050000.0,Còn hàng,2024-10-03 02:51:17,Cận cao cấp
Đồng hồ thông minh Amazfit Active Edge,2590000.0,Còn hàng,2024-10-03 02:51:17,Tầm trung
Đồng hồ thông minh Kospet Tank T3 Ultra,1990000.0,Còn hàng,2024-10-03 02:51:17,Giá rẻ
Đồng hồ thông minh Kieslect Kr2,1190000.0,Còn hàng,2024-10-03 02:51:17,Giá rẻ
Đồng hồ thông minh Garmin Instinct 2,5380000.0,Còn hàng,2024-10-03 02:51:17,Cận cao cấp
Đồng hồ thông minh Huawei Watch GT4 dây silicone-41mm Xanh,4490000.0,Còn hàng,2024-10-03 02:51:17,Tầm trung
Đồng hồ định vị trẻ em Masstel Smart Hero 10,1520000.0,Còn hàng,2024-10-03 02:51:17,Giá rẻ
Đồng hồ thông minh Amazfit Bip 5,1450000.0,Còn hàng,2024-10-03 02:51:17,Giá rẻ
Đồng hồ thông minh Amazfit Active,2590000.0,Còn hàng,2024-10-03 02:51:17,Tầm trung
Đồng hồ thông minh Kieslect Kr Pro,990000.0,Còn hàng,2024-10-03 02:51:17,Giá rẻ
Đồng hồ thông minh Garmin Forerunner 165 Music,7990000.0,Còn hàng,2024-10-03 02:51:17,Cận cao cấp
Đồng hồ thông minh Garmin Venu 3S,11670000.0,Còn hàng,2024-10-03 02:51:17,Flagship
Đồng hồ thông minh Garmin Fenix 8 47mm Viền Thép,26990000.0,Còn hàng,2024-10-03 02:51:17,Flagship
Apple Watch Series 9 45mm (GPS) viền nhôm dây vải | Chính hãng Apple Việt Nam,10790000.0,Còn hàng,2024-10-03 02:51:17,Flagship
Apple Watch SE 2 2023 40mm (4G) viền nhôm | Chính hãng Apple Việt Nam,7490000.0,Còn hàng,2024-10-03 02:51:17,Cận cao cấp
Đồng hồ thông minh Garmin Fenix 8 43mm,29990000.0,Còn hàng,2024-10-03 02:51:17,Flagship
Đồng hồ thông minh Coros Pace 2,5000000.0,Còn hàng,2024-10-03 02:51:17,Tầm trung
Đồng hồ thông minh Haylou RS5,790000.0,Còn hàng,2024-10-03 02:51:17,Giá rẻ
Apple Watch Series 9 45mm (GPS) viền nhôm dây cao su size M/L | Chính hãng Apple Việt Nam,10790000.0,Còn hàng,2024-10-03 02:51:17,Flagship
Apple Watch Series 9 45mm (4G) viền thép dây cao su | Chính hãng Apple Việt Nam,18990000.0,Còn hàng,2024-10-03 02:51:17,Flagship
Đồng hồ thông minh Huawei Watch Buds,6290000.0,Còn hàng,2024-10-03 02:51:17,Cận cao cấp
Apple Watch SE 2 2024 44mm (GPS) Viền Nhôm Dây Cao Su,6790000.0,Còn hàng,2024-10-03 02:51:17,Cận cao cấp
Đồng hồ thông minh Garmin Venu 3,11670000.0,Còn hàng,2024-10-03 02:51:17,Flagship
Đồng hồ thông minh Kieslect Lora 2,1190000.0,Còn hàng,2024-10-03 02:51:17,Giá rẻ
Đồng hồ định vị trẻ em Masstel Smart Hero 20,1790000.0,Còn hàng,2024-10-03 02:51:17,Giá rẻ
Đồng hồ thông minh Garmin Vivoactive 5,7870000.0,Còn hàng,2024-10-03 02:51:17,Cận cao cấp
Đồng hồ thông minh Garmin Fenix 7 Pro,18990000.0,Còn hàng,2024-10-03 02:51:17,Flagship
Đồng hồ thông minh Coros Pace 3 dây Nylon,6180000.0,Còn hàng,2024-10-03 02:51:17,Cận cao cấp
Vòng đeo tay thông minh Huawei Band 7,799000.0,Còn hàng,2024-10-03 02:51:17,Giá rẻ
Vòng đeo tay thông minh Xiaomi Mi Band 7,690000.0,Còn hàng,2024-10-03 02:51:17,Giá rẻ
Đồng hồ thông minh Garmin Instinct 2S,5380000.0,Còn hàng,2024-10-03 02:51:17,Cận cao cấp
Đồng hồ thông minh Kieslect KS 2,1190000.0,Còn hàng,2024-10-03 02:51:17,Giá rẻ
Apple Watch Ultra 2 2024 49mm 4G Viền Titan Dây Cao Su,22990000.0,Còn hàng,2024-10-03 02:51:17,Flagship
Đồng hồ thông minh trẻ em Myalo KidsPhone K84,2690000.0,Còn hàng,2024-10-03 02:51:17,Tầm trung
Đồng hồ thông minh Garmin Approach S70,18290000.0,Còn hàng,2024-10-03 02:51:17,Flagship
Đồng hồ thông minh Garmin Venu 2,7290000.0,Còn hàng,2024-10-03 02:51:17,Cận cao cấp
Apple Watch Series 9 41mm (4G) viền thép dây thép | Chính hãng Apple Việt Nam,18690000.0,Còn hàng,2024-10-03 02:51:17,Flagship
Apple Watch Series 9 41mm (GPS) viền nhôm dây vải | Chính hãng Apple Việt Nam,8990000.0,Còn hàng,2024-10-03 02:51:17,Cận cao cấp
Đồng hồ thông minh Garmin Venu 2S,7290000.0,Còn hàng,2024-10-03 02:51:17,Cận cao cấp
Apple Watch SE 2 2024 40mm (4G) Viền Nhôm Dây Cao Su,7290000.0,Còn hàng,2024-10-03 02:51:17,Cận cao cấp
Đồng hồ thông minh Garmin Venu SQ 2 Music,5990000.0,Còn hàng,2024-10-03 02:51:17,Cận cao cấp
Đồng hồ định vị trẻ em myFirst Fone R1,2390000.0,Còn hàng,2024-10-03 02:51:17,Tầm trung
Đồng hồ định vị trẻ em Myalo KS72C,1490000.0,Còn hàng,2024-10-03 02:51:17,Giá rẻ
Đồng hồ thông minh Garmin Venu SQ 2,4990000.0,Còn hàng,2024-10-03 02:51:17,Tầm trung
Đồng hồ thông minh Garmin Epix Pro 2 42mm,21490000.0,Còn hàng,2024-10-03 02:51:17,Flagship
Đồng hồ thông minh Garmin Epix Pro 2 47mm,21490000.0,Còn hàng,2024-10-03 02:51:17,Flagship
Đồng hồ thông minh Coros Apex 2 dây nylon,9990000.0,Còn hàng,2024-10-03 02:51:17,Cận cao cấp
Đồng hồ thông minh Amazfit Cheetah Square,4090000.0,Còn hàng,2024-10-03 02:51:17,Tầm trung
Đồng hồ thông minh Coros Apex 2 Pro dây Nylon,12800000.0,Còn hàng,2024-10-03 02:51:17,Flagship
Đồng hồ thông minh Garmin Fenix 7X Pro,21490000.0,Còn hàng,2024-10-03 02:51:17,Flagship
Đồng hồ thông minh Garmin Instinct Crossover,9770000.0,Còn hàng,2024-10-03 02:51:17,Cận cao cấp
Apple Watch SE 2 2023 44mm (GPS) viền nhôm dây cao su Size M/L | Chính hãng Apple Việt Nam,6990000.0,Còn hàng,2024-10-03 02:51:17,Cận cao cấp
Đồng hồ thông minh Coros Vertix 2,17990000.0,Còn hàng,2024-10-03 02:51:17,Flagship
Apple Watch Series 9 45mm (4G) viền thép dây thép | Chính hãng Apple Việt Nam,19990000.0,Còn hàng,2024-10-03 02:51:17,Flagship
Đồng hồ thông minh Garmin lily 2 Silicone,6990000.0,Còn hàng,2024-10-03 02:51:17,Cận cao cấp
Apple Watch SE 2 2024 44mm (4G) Viền Nhôm Dây Cao Su,8090000.0,Còn hàng,2024-10-03 02:51:17,Cận cao cấp
Dây đeo Apple Watch UniQ Revix Reversible Magnetic 45/44/42mm,704000.0,Còn hàng,2024-10-03 02:51:17,Giá rẻ
Dây đeo Apple Watch Sport Band 45/44/42mm,903000.0,Còn hàng,2024-10-03 02:51:17,Giá rẻ
Apple Watch SE 2023 2 44mm (GPS) viền nhôm - dây vải | Chính hãng Apple Việt Nam,6690000.0,Còn hàng,2024-10-03 02:51:17,Cận cao cấp
Đồng hồ thông minh Coros Vertix 2S,18800000.0,Còn hàng,2024-10-03 02:51:17,Flagship
Đồng hồ thông minh Garmin Instinct 2S Solar,10990000.0,Còn hàng,2024-10-03 02:51:17,Flagship
Apple Watch SE 2 2024 44mm (GPS) Viền Nhôm Dây Cao Su Size M/L,6790000.0,Còn hàng,2024-10-03 02:51:17,Cận cao cấp
Apple Watch Series 10 46mm (GPS) Viền Nhôm Dây Cao Su Size S/M,11790000.0,Còn hàng,2024-10-03 02:51:17,Flagship
Cảm biến chạy bộ Coros Pod 2,2650000.0,Còn hàng,2024-10-03 02:51:17,Tầm trung
Apple Watch Series 10 42mm 4G Viền Nhôm Dây Cao Su Size S/M,13590000.0,Còn hàng,2024-10-03 02:51:17,Flagship
Đồng hồ thông minh Garmin lily 2 dây da,7640000.0,Còn hàng,2024-10-03 02:51:17,Cận cao cấp
Dây đeo Apple Watch Sport Band 41/40/38mm Apple chính hãng,1290000.0,Còn hàng,2024-10-03 02:51:17,Giá rẻ
Dây đeo Apple Watch UniQ Dante Mesh Steel Loop 45/44/42mm,632000.0,Còn hàng,2024-10-03 02:51:17,Giá rẻ
Apple Watch SE 2 2024 44mm (4G) Viền Nhôm Dây Cao Su Size M/L,8090000.0,Còn hàng,2024-10-03 02:51:17,Cận cao cấp
Dây đo nhịp tim Garmin HRM Pro Plus,2890000.0,Còn hàng,2024-10-03 02:51:17,Tầm trung
Dây đeo Apple Watch Uniq Linus Airsoft Silicone 41/40/38mm,584000.0,Còn hàng,2024-10-03 02:51:17,Giá rẻ
Đồng hồ thông minh Coros Pace 2 dây Nylon,5000000.0,Còn hàng,2024-10-03 02:51:17,Tầm trung
Đồng hồ thông minh Garmin lily 2 dây vải,7190000.0,Còn hàng,2024-10-03 02:51:17,Cận cao cấp
Dây đeo Apple Watch Apple Sport Band 45mm,903000.0,Còn hàng,2024-10-03 02:51:17,Giá rẻ
Đai đo nhịp tim Coros HR Monitor,2150000.0,Còn hàng,2024-10-03 02:51:17,Tầm trung
Dây đeo Apple Watch Uniq Linus Airsoft Silicone 45/44/42mm,584000.0,Còn hàng,2024-10-03 02:51:17,Giá rẻ
Đồng hồ thông minh Garmin Fenix E,20990000.0,Còn hàng,2024-10-03 02:51:17,Flagship
Dây đo nhịp tim Garmin HRM-Fit,4090000.0,Còn hàng,2024-10-03 02:51:17,Tầm trung
Apple Watch Series 10 42mm 4G Viền Titan Dây Thép,21290000.0,Còn hàng,2024-10-03 02:51:17,Flagship
Apple Watch Series 10 46mm 4G Viền Titan Dây Thép Size S/M,22590000.0,Còn hàng,2024-10-03 02:51:17,Flagship
Apple Watch Series 10 42mm (GPS) Viền Nhôm Dây Cao Su Size M/L,10990000.0,Còn hàng,2024-10-03 02:51:17,Flagship
Dây Apple Watch Jinya Fresh Leather 45/44/42 mm,490000.0,Còn hàng,2024-10-03 02:51:17,Giá rẻ
Apple Watch Series 10 46mm (GPS) Viền Nhôm Dây Cao Su Size M/L,11790000.0,Còn hàng,2024-10-03 02:51:17,Flagship
Apple Watch Series 10 46mm 4G Viền Titan Dây Cao Su Size S/M,21290000.0,Còn hàng,2024-10-03 02:51:17,Flagship
Apple Watch Series 10 46mm 4G Viền Nhôm Dây Cao Su Size S/M,14390000.0,Còn hàng,2024-10-03 02:51:17,Flagship
Apple Watch Series 10 42mm 4G Viền Titan Dây Cao Su Size M/L,19990000.0,Còn hàng,2024-10-03 02:51:17,Flagship
Apple Watch Series 10 46mm 4G Viền Titan Dây Thép Size M/L,22590000.0,Còn hàng,2024-10-03 02:51:17,Flagship
Apple Watch Series 10 46mm 4G Viền Nhôm Dây Cao Su Size M/L,14390000.0,Còn hàng,2024-10-03 02:51:17,Flagship
Apple Watch Series 10 42mm 4G Viền Titan Dây Cao Su Size S/M,19990000.0,Còn hàng,2024-10-03 02:51:17,Flagship
Apple Watch Series 10 42mm 4G Viền Nhôm Dây Cao Su Size M/L,13590000.0,Còn hàng,2024-10-03 02:51:17,Flagship
Apple Watch Series 10 46mm 4G Viền Titan Dây Cao Su Size M/L,21290000.0,Còn hàng,2024-10-03 02:51:17,Flagship
Đồng hồ thông minh Huawei Watch GT 5 Dây Da,,Hết hàng,2024-10-03 02:51:17,nan
Đồng hồ thông minh Huawei Watch GT 5 Pro,,Hết hàng,2024-10-03 02:51:17,nan
Apple Watch Series 8 45mm GPS viền nhôm | Chính hãng VN/A,8490000.0,Còn hàng,2024-10-03 02:51:17,Cận cao cấp
Apple Watch Ultra 2 49mm (4G) viền titan dây vải Alpine cỡ trung | Chính hãng Apple Việt Nam,20990000.0,Còn hàng,2024-10-03 02:51:17,Flagship
Đồng hồ Huami Amazfit GTS 2,1690000.0,Còn hàng,2024-10-03 02:51:17,Giá rẻ
Apple Watch SE 2022 40mm | Chính Hãng VN/A,5690000.0,Còn hàng,2024-10-03 02:51:17,Cận cao cấp
Đồng hồ thông minh Huawei Watch Fit 2,2490000.0,Còn hàng,2024-10-03 02:51:17,Tầm trung
Apple Watch SE 2 2023 44mm (4G) viền nhôm | Chính hãng Apple Việt Nam,7990000.0,Còn hàng,2024-10-03 02:51:17,Cận cao cấp
Đồng hồ thông minh Amazfit GTS 4 Mini,1990000.0,Còn hàng,2024-10-03 02:51:17,Giá rẻ
Đồng hồ thông minh Huawei Watch GT 5 Pro Dây Titanium,,Hết hàng,2024-10-03 02:51:17,nan
Đồng hồ thông minh Amazfit GTS 3,1990000.0,Còn hàng,2024-10-03 02:51:17,Giá rẻ
Đồng hồ thông minh Amazfit GTR 2 New Version,1890000.0,Còn hàng,2024-10-03 02:51:17,Giá rẻ
Apple Watch Ultra 2 2023 49mm (4G) viền titan dây quấn Trail Size M/L | Chính hãng Apple Việt Nam,21190000.0,Còn hàng,2024-10-03 02:51:17,Flagship
Đồng hồ Samsung Galaxy Watch6 44mm,4090000.0,Còn hàng,2024-10-03 02:51:17,Tầm trung
Đồng hồ thông minh Honor Watch 4,,Hết hàng,2024-10-03 02:51:17,nan
Đồng hồ Samsung Galaxy Fit 3 - Đã kích hoạt online,,Hết hàng,2024-10-03 02:51:17,nan
Apple Watch Series 9 41mm (4G) viền thép dây cao su | Chính hãng Apple Việt Nam,17290000.0,Còn hàng,2024-10-03 02:51:17,Flagship
Đồng hồ thông minh Garmin Forerunner 955 Solar,10890000.0,Còn hàng,2024-10-03 02:51:17,Flagship
Đồng hồ thông minh Garmin Fenix 7S Pro,18990000.0,Còn hàng,2024-10-03 02:51:17,Flagship
Đồng hồ thông minh Garmin Forerunner 245 Music,5990000.0,Còn hàng,2024-10-03 02:51:17,Cận cao cấp
Apple Watch Ultra 49mm Viền Titan - Dây cao su | Chính hãng VN/A,15390000.0,Còn hàng,2024-10-03 02:51:17,Flagship
Đồng hồ thông minh Garmin Fenix 8 43mm Viền Thép,26990000.0,Còn hàng,2024-10-03 02:51:17,Flagship
Đồng hồ thông minh Garmin Vivomove Sport,4260000.0,Còn hàng,2024-10-03 02:51:17,Tầm trung
Đồng hồ thông minh Huawei Watch GT 5 Pro Dây Gốm,,Hết hàng,2024-10-03 02:51:17,nan
Apple Watch Series 8 41mm GPS viền nhôm | Chính hãng VN/A,7990000.0,Còn hàng,2024-10-03 02:51:17,Cận cao cấp
Đồng hồ Samsung Galaxy Watch6 44mm LTE,,Hết hàng,2024-10-03 02:51:17,nan
Apple Watch SE 2 2023 44mm (4G) viền nhôm  | Chính hãng Apple Việt Nam,8190000.0,Còn hàng,2024-10-03 02:51:17,Cận cao cấp
Apple Watch Series 6 40mm (GPS) Viền Nhôm Dây Cao Su | Chính hãng VN/A,7590000.0,Còn hàng,2024-10-03 02:51:17,Cận cao cấp
Apple Watch Ultra 2 2024 49mm 4G Viền Titan Đen Dây Titan Size M,25990000.0,Còn hàng,2024-10-03 02:51:17,Flagship
Đồng hồ thông minh Huawei Watch GT 5 Pro 42mm Dây Cao Su,,Hết hàng,2024-10-03 02:51:17,nan
Vòng đeo tay thông minh Xiaomi Redmi band 2,440000.0,Còn hàng,2024-10-03 02:51:17,Giá rẻ
Đồng hồ thông minh Xiaomi Watch 3,,Hết hàng,2024-10-03 02:51:17,nan
Apple Watch SE 2023 44mm (GPS) viền nhôm dây cao su size M/L | Chính hãng Apple Việt Nam,6990000.0,Còn hàng,2024-10-03 02:51:17,Cận cao cấp
Đồng hồ thông minh Huawei Band 10,,Hết hàng,2024-10-03 02:51:17,nan
Apple Watch Series 8 45mm 4G viền nhôm dây cao su | Chính hãng VN/A,7990000.0,Còn hàng,2024-10-03 02:51:17,Cận cao cấp
Đồng hồ thông minh Xiaomi Smart Kids Watch,,Hết hàng,2024-10-03 02:51:17,nan
Đồng hồ thông minh Amazfit T-Rex Ultra,,Hết hàng,2024-10-03 02:51:17,nan
Apple Watch Series 7 41mm (GPS) Viền nhôm dây cao su | Chính hãng VN/A,7590000.0,Còn hàng,2024-10-03 02:51:17,Cận cao cấp
Apple Watch Series 8 41mm 4G viền nhôm dây cao su | Chính hãng VN/A,8490000.0,Còn hàng,2024-10-03 02:51:17,Cận cao cấp
Apple Watch Series 9 45mm (4G) viền nhôm dây cao su | Chính hãng Apple Việt Nam,13490000.0,Còn hàng,2024-10-03 02:51:17,Flagship
Đồng hồ Huawei Watch D,,Hết hàng,2024-10-03 02:51:17,nan
Apple Watch Series 8 45mm 4G viền thép dây cao su | Chính Hãng VN/A,11590000.0,Còn hàng,2024-10-03 02:51:17,Flagship
Apple Watch Ultra 2 2024 49mm 4G Viền Titan Đen Dây Trail Size M/L,22990000.0,Còn hàng,2024-10-03 02:51:17,Flagship
Apple Watch Ultra 49MM (4G) - Viền Titan Dây Vải Cỡ Trung | Chính Hãng,15390000.0,Còn hàng,2024-10-03 02:51:17,Flagship
Đồng hồ thông minh Y92,,Hết hàng,2024-10-03 02:51:17,nan
Đồng hồ thông minh Vivo Watch 3,,Hết hàng,2024-10-03 02:51:17,nan
Apple Watch Ultra 2 2024 49mm 4G Viền Titan Đen Dây Titan Size S,22990000.0,Còn hàng,2024-10-03 02:51:17,Flagship
Coros Dura,,Hết hàng,2024-10-03 02:51:17,nan
Đồng hồ thông minh Garmin Fenix 8 Solar,29900000.0,Còn hàng,2024-10-03 02:51:17,Flagship
Đồng hồ thông minh Amazfit GTR 4 Pro,,Hết hàng,2024-10-03 02:51:17,nan
Đồng hồ thông minh Garmin Forerunner 975,,Hết hàng,2024-10-03 02:51:17,nan
Asus Vivowatch 5,4990000.0,Còn hàng,2024-10-03 02:51:17,Tầm trung
Đồng hồ thông minh Y68,,Hết hàng,2024-10-03 02:51:17,nan
Apple Watch Ultra 2 2024 49mm 4G Viền Titan Đen Dây Titan Size L,25990000.0,Còn hàng,2024-10-03 02:51:17,Flagship
Đồng hồ thông minh Mibro GS Active,,Hết hàng,2024-10-03 02:51:17,nan
Apple Watch Ultra 2 2024 49mm 4G Viền Titan Đen Dây Trail Size S/M,22990000.0,Còn hàng,2024-10-03 02:51:17,Flagship
Đồng hồ thông minh Amazfit Falcon,,Hết hàng,2024-10-03 02:51:17,nan
Đồng hồ thông minh Coros Pace 4,,Hết hàng,2024-10-03 02:51:17,nan
Apple Watch Ultra 2 2024 49mm 4G Viền Titan Dây Titan Size L,25990000.0,Còn hàng,2024-10-03 02:51:17,Flagship
Đồng hồ thông minh Garmin Fenix 7 Sapphire Solar,15490000.0,Còn hàng,2024-10-03 02:51:17,Flagship
Đồng hồ định vị trẻ em Masstel Super Hero,,Hết hàng,2024-10-03 02:51:17,nan
Apple Watch SE 40mm (4G) Viền Nhôm - Dây Cao Su | Chính Hãng VN/A,5990000.0,Còn hàng,2024-10-03 02:51:17,Cận cao cấp
Masstel Super Hero 4G,,Hết hàng,2024-10-03 02:51:17,nan
Apple Watch Series 9 45mm (4G) viền nhôm dây cao su Size M/L | Chính hãng Apple Việt Nam,13490000.0,Còn hàng,2024-10-03 02:51:17,Flagship
Đồng hồ Samsung Galaxy Watch6 Classic 47mm LTE,,Hết hàng,2024-10-03 02:51:17,nan
Đồng hồ thông minh Garmin Fenix 8 Solar 51mm,31990000.0,Còn hàng,2024-10-03 02:51:17,Flagship
Đồng hồ thông minh Suunto 9 Peak Pro,,Hết hàng,2024-10-03 02:51:17,nan
Apple Watch Ultra 2 2024 49mm 4G Viền Titan Dây Titan Size M,25990000.0,Còn hàng,2024-10-03 02:51:17,Flagship
masstel smart hero 2,,Hết hàng,2024-10-03 02:51:17,nan
Apple Watch Ultra 2 2024 49mm 4G Viền Titan Dây Titan Size S,25990000.0,Còn hàng,2024-10-03 02:51:17,Flagship
Đồng hồ thông minh Kieslect KR Pro 2,,Hết hàng,2024-10-03 02:51:17,nan
Đồng hồ Samsung Galaxy Watch6 40mm LTE,,Hết hàng,2024-10-03 02:51:17,nan
Đồng hồ thông minh Garmin Fenix 8 43mm Sapphire Viền Thép,29990000.0,Còn hàng,2024-10-03 02:51:17,Flagship
Đồng hồ thông minh Kieslect Lora 3,,Hết hàng,2024-10-03 02:51:17,nan
Đồng hồ thông minh Black Shark S1 Classic,,Hết hàng,2024-10-03 02:51:17,nan
Apple Watch Ultra 2 2024 49mm 4G Viền Titan Dây Trail Size S/M,22990000.0,Còn hàng,2024-10-03 02:51:17,Flagship
Đồng hồ thông minh Mibro A2,,Hết hàng,2024-10-03 02:51:17,nan
Đồng hồ thông minh Oppo Watch4 Pro,,Hết hàng,2024-10-03 02:51:17,nan
Đồng hồ thông minh trẻ em Goly K20,,Hết hàng,2024-10-03 02:51:17,nan
Dây đeo Apple Watch Spigen Band Lite Fit 49/45/44/42 MM,570000.0,Còn hàng,2024-10-03 02:51:17,Giá rẻ
Đồng hồ thông minh Garmin Venu 3 Plus,,Hết hàng,2024-10-03 02:51:17,nan
Đồng hồ thông minh Garmin Forerunner 275,,Hết hàng,2024-10-03 02:51:17,nan
Dây đeo Apple Watch UniQ Revix Reversible Magnetic 41/40/38 mm,704000.0,Còn hàng,2024-10-03 02:51:17,Giá rẻ
Apple Watch Ultra 2 2024 49mm 4G Viền Titan Dây Trail Size M/L,22990000.0,Còn hàng,2024-10-03 02:51:17,Flagship
Đồng hồ thông minh Kospet Tank T2,,Hết hàng,2024-10-03 02:51:17,nan
Đồng hồ thông minh Kospet Tank M2,,Hết hàng,2024-10-03 02:51:17,nan
Apple Watch Ultra 2 2024 49mm 4G Viền Titan Đen Dây Alpine Size M,22990000.0,Còn hàng,2024-10-03 02:51:17,Flagship
Apple Watch Ultra 2 2024 49mm 4G Viền Titan Đen Dây Alpine Size S,22990000.0,Còn hàng,2024-10-03 02:51:17,Flagship
Apple Watch Ultra 2 2024 49mm 4G Viền Titan Dây Alpine Size L,22990000.0,Còn hàng,2024-10-03 02:51:17,Flagship
Dây đeo Apple Watch Uniq Linus Airsoft Silicone 41/40/38 mm,584000.0,Còn hàng,2024-10-03 02:51:17,Giá rẻ
Đồng hồ thông minh Mibro Watch 2 Lite,,Hết hàng,2024-10-03 02:51:17,nan
Đồng hồ thông minh Mibro X1,,Hết hàng,2024-10-03 02:51:17,nan
Đồng hồ thông minh Garmin fēnix 5S Sapphire,,Hết hàng,2024-10-03 02:51:17,nan
Apple Watch Ultra 2 2024 49mm 4G Viền Titan Đen Dây Alpine Size L,22990000.0,Còn hàng,2024-10-03 02:51:17,Flagship
Đồng hồ thông minh Huawei Watch GT Cyber 2,,Hết hàng,2024-10-03 02:51:17,nan
Đồng hồ Samsung Galaxy Watch6 Classic 43mm LTE,,Hết hàng,2024-10-03 02:51:17,nan
Đồng hồ thông minh Mibro GS,,Hết hàng,2024-10-03 02:51:17,nan
Đồng hồ thông minh Mibro T2,,Hết hàng,2024-10-03 02:51:17,nan
Đồng hồ thông minh Kospet Tank M3,,Hết hàng,2024-10-03 02:51:17,nan
Đồng hồ thông minh Kospet Tank M1 Pro,,Hết hàng,2024-10-03 02:51:17,nan
Đồng hồ thông minh Mibro C2,,Hết hàng,2024-10-03 02:51:17,nan
Đồng hồ thông minh Mibro C3,,Hết hàng,2024-10-03 02:51:17,nan
Đồng hồ thông minh Black Shark S1,,Hết hàng,2024-10-03 02:51:17,nan
Ốp viền dây đeo Apple Watch Spigen Rugged Armor Pro 45/44 mm,,Hết hàng,2024-10-03 02:51:17,nan
Đồng hồ thông minh Mibro T1,,Hết hàng,2024-10-03 02:51:17,nan
Đồng hồ thông minh Mibro A1,,Hết hàng,2024-10-03 02:51:17,nan
Đồng hồ thông minh Kospet Tank M1,,Hết hàng,2024-10-03 02:51:17,nan
Apple Watch Ultra 2 2024 49mm 4G Viền Titan Dây Alpine Size S,22990000.0,Còn hàng,2024-10-03 02:51:17,Flagship
Apple Watch Ultra 2 2024 49mm 4G Viền Titan Dây Alpine Size M,22990000.0,Còn hàng,2024-10-03 02:51:17,Flagship
Đồng hồ thông minh Kospet Tank S1,,Hết hàng,2024-10-03 02:51:17,nan
Đồng hồ Garmin Fenix 6 Sapphire dây Titanium,,Hết hàng,2024-10-03 02:51:17,nan
Đồng hồ thông minh T500 Pro,,Hết hàng,2024-10-03 02:51:17,nan
Đồng hồ Casio G-Shock G-Squad GBD-H1000,,Hết hàng,2024-10-03 02:51:17,nan
Đồng hồ thông minh Kieslect KR 3,,Hết hàng,2024-10-03 02:51:17,nan
Đồng hồ thông minh trẻ em Mykid 4G Lite V2,,Hết hàng,2024-10-03 02:51:17,nan
Đồng hồ thông minh Garmin Venu SQ 3 Music,,Hết hàng,2024-10-03 02:51:17,nan
Đồng hồ thông minh Garmin Vivosmart 5,,Hết hàng,2024-10-03 02:51:17,nan
Đồng hồ thông minh Garmin Instinct 2X Solar,11690000.0,Còn hàng,2024-10-03 02:51:17,Flagship
Đồng hồ Samsung Galaxy Watch 6 Pro,,Hết hàng,2024-10-03 02:51:17,nan
Đồng hồ thông minh Coros Apex 3 Pro,,Hết hàng,2024-10-03 02:51:17,nan
Đồng hồ thông minh Garmin instinct 3S,,Hết hàng,2024-10-03 02:51:17,nan
Đồng hồ thông minh Kospet Optimus 2,,Hết hàng,2024-10-03 02:51:17,nan
Đồng hồ thông minh Kospet Tank T3,,Hết hàng,2024-10-03 02:51:17,nan
Đồng hồ định vị trẻ em Masstel Smart Hero 5,,Hết hàng,2024-10-03 02:51:17,nan
Đồng hồ thông minh Oppo Watch 2,,Hết hàng,2024-10-03 02:51:17,nan
Đồng hồ thông minh Xiaomi Redmi Watch 3,,Hết hàng,2024-10-03 02:51:17,nan
Đồng hồ thông minh Amazfit GTS 5 Mini,,Hết hàng,2024-10-03 02:51:17,nan
Đồng hồ thông minh OPPO Watch 4,,Hết hàng,2024-10-03 02:51:17,nan
Đồng hồ Samsung Galaxy Watch X2,,Hết hàng,2024-10-03 02:51:17,nan
Đồng hồ thông minh Huawei Watch GT 5 Dây Vải,,Hết hàng,2024-10-03 02:51:17,nan
Đồng hồ thông minh trẻ em imoo Z7,,Hết hàng,2024-10-03 02:51:17,nan
Đồng hồ thông minh trẻ em imoo Z1,,Hết hàng,2024-10-03 02:51:17,nan
Đồng hồ thông minh trẻ em Goly K10,,Hết hàng,2024-10-03 02:51:17,nan
Đồng hồ thông minh Kospet Tank X1,,Hết hàng,2024-10-03 02:51:17,nan
Đồng hồ thông minh Huawei Watch Ultimate 2024 Dây Titanium,,Hết hàng,2024-10-03 02:51:17,nan
Vòng đeo tay thông minh Fitbit Charge 5,,Hết hàng,2024-10-03 02:51:17,nan
Đồng hồ thông minh Black Shark S1 Pro,,Hết hàng,2024-10-03 02:51:17,nan
Đồng hồ thông minh Vivo iQOO Watch,,Hết hàng,2024-10-03 02:51:17,nan
Đồng hồ thông minh Garmin Forerunner 275s,,Hết hàng,2024-10-03 02:51:17,nan
Đồng hồ thông minh Coros Apex 3,,Hết hàng,2024-10-03 02:51:17,nan
Đồng hồ thông minh Xiaomi Redmi Watch 2,,Hết hàng,2024-10-03 02:51:17,nan
Đồng hồ thông minh Realme Watch 2 Pro,,Hết hàng,2024-10-03 02:51:17,nan
Đồng hồ Casio G-Shock G-Lide GBX-100-1,,Hết hàng,2024-10-03 02:51:17,nan
Đồng hồ thông minh trẻ em Goly K16,,Hết hàng,2024-10-03 02:51:17,nan
Đồng hồ định vị trẻ em Xiaomi Mitu Kids Watch 7A,,Hết hàng,2024-10-03 02:51:17,nan
Đồng hồ thông minh Huawei Watch 4 Pro,,Hết hàng,2024-10-03 02:51:17,nan
Đồng hồ Casio MT-G MTG-B3000,,Hết hàng,2024-10-03 02:51:17,nan
